{
  "name": "Bond"
}

The name is {{ name }}

The name is Bond

{
  "name": "Bond"
}

The name is {{ name | upper }}

The name is BOND

{
  "book_name": "Title of books are usually title cased"
}

{{ book_name | title }}

Title Of Books Are Usually Title Cased

{
  "dialogue": "The name is Bourne, James Bourne!"
}

{{ dialogue | replace('Bourne', 'Bond') }}

The name is Bond, James Bond!

{
  "numbers": [
    13,
    32,
    53,
    34,
    25,
    76,
    17
  ]
}

{{ numbers | max }}

76


{
  "numbers": [
    13,
    32,
    53,
    34,
    25,
    76,
    17
  ]
}

{{ numbers | last }}

17

{
  "words": [
    "we",
    "are",
    "meant",
    "to",
    "be",
    "together"
  ]
}

{{ words | join(' ') }}

we are meant to be together

{
  "words": [
    "we",
    "are",
    "meant",
    "to",
    "be",
    "together"
  ]
}

{{ words | join(' ') | title }}

We Are Meant To Be Together

{
  "words": "Everyone was busy, so I went to the movie alone. I was very proud of my nickname throughout high school but today- I couldn’t be any different to what my nickname was. Wow, does that work? She works two jobs to make ends meet; at least, that was her reason for not having time to join us."
}

{{ words | wordcount }}

58